Organization,stateAbbrev
Custom Analysis,AL
Custom Analysis,AK
Custom Analysis,AZ
Custom Analysis,AR
Custom Analysis,CA
Custom Analysis,CO
Custom Analysis,CT
Custom Analysis,DE
Custom Analysis,DC
Custom Analysis,FL
Custom Analysis,GA
Custom Analysis,HI
Custom Analysis,ID
Custom Analysis,IL
Custom Analysis,IN
Custom Analysis,IA
Custom Analysis,KS
Custom Analysis,KY
Custom Analysis,LA
Custom Analysis,ME
Custom Analysis,MD
Custom Analysis,MA
Custom Analysis,MI
Custom Analysis,MN
Custom Analysis,MS
Custom Analysis,MO
Custom Analysis,MT
Custom Analysis,NE
Custom Analysis,NV
Custom Analysis,NH
Custom Analysis,NJ
Custom Analysis,NM
Custom Analysis,NY
Custom Analysis,NC
Custom Analysis,ND
Custom Analysis,OH
Custom Analysis,OK
Custom Analysis,OR
Custom Analysis,PA
Custom Analysis,RI
Custom Analysis,SC
Custom Analysis,SD
Custom Analysis,TN
Custom Analysis,TX
Custom Analysis,UT
Custom Analysis,VT
Custom Analysis,VA
Custom Analysis,WA
Custom Analysis,WV
Custom Analysis,WI
Custom Analysis,WY
Seattle Workforce Development,WA
Empower House,TX
The BRIDGE Project,NY
ARISE Alexandria,VA
Atlanta Abundant Birth Project,GA
Children's Defense Fund,NY
Cook County Promise,IL
Elevate MV,CA
In Her Hands,GA
MoCo Boost,MD
CASH Campaign of Maryland,MD
"Louisville, KY",KY
City of Philadelphia,PA
Urban League Greater Atlanta,GA
The Atlanta Abundant Birth Project,GA
NY Creative Rebuild,NY
City of Alameda,CA
Hamilton Families,CA
United Way California Capital Region,CA
NYS Direct Cash Transfer,NY
BREATHE (Los Angeles County),CA
